time,mean,variance,standard_deviation,minimum,maximum,count
5.0,0.35651612903225804,0.00465860232424827,0.06825395464182475,0.25,0.51,620
